name,category,amazon_link,total_mentions,subreddit_mentions
Marvel Cinematic Universe: Phase One - Avengers Assembled (Iron Man / The Incredible Hulk / Iron Man 2 / Thor / Captain America: The First Avenger / The Avengers) [Blu-ray],Movies & TV,https://www.amazon.com/Marvel-Cinematic-Universe-Assembled-Incredible/dp/B0083SBMGW/ref=pd_sim_74_1?_encoding=UTF8&amp;pd_rd_i=B0083SBMGW&amp;pd_rd_r=ZWRNGC05Z0VRHPW35CW4&amp;pd_rd_w=SZ6KX&amp;pd_rd_wg=tyqMK&amp;psc=1&amp;refRID=ZWRNGC05Z0VRHPW35CW4,4,3
On Stranger Tides,Books,https://www.amazon.com/Stranger-Tides-Tim-Powers/dp/006209453X/ref=sr_1_2?ie=UTF8&amp;qid=1475468932&amp;sr=8-2,3,3
"Superintelligence: Paths, Dangers, Strategies",Books,https://www.amazon.com/Superintelligence-Dangers-Strategies-Nick-Bostrom/dp/0199678111/ref=asap_bc?ie=UTF8,7,2
The Secret History of Star Wars,Books,https://www.amazon.com/Secret-History-Star-Wars/dp/0978465237/ref=sr_1_1?ie=UTF8&amp;qid=1426781138&amp;sr=8-1&amp;keywords=secret+history+of+star+wars,4,2
2D Glasses 4 Pack - Turns 3D movies back into 2D - eDimensional 4 Pairs for passive 3D Televisions and for use in RealD 3D Theaters,Electronics,https://www.amazon.com/gp/product/B00K9E7GCC,3,2
Hank Green's 2D-Glasses: Turns 3D movies back to 2D,Electronics,https://www.amazon.com/gp/product/B004X4L1UC,3,2
DisneyWar,Books,https://www.amazon.com/DisneyWar-James-B-Stewart/dp/0743267095,3,2
Movies R Fun!: A Collection of Cinematic Classics for the Pre-(Film) School Cinephile (Lil' Inappropriate Books),Books,https://www.amazon.com/Movies-Fun-Collection-Cinematic-Inappropriate/dp/1452122334/ref=sr_1_1?s=books&amp;ie=UTF8&amp;qid=1487260083&amp;sr=1-1&amp;refinements=p_27,3,2
The Art and Making of The Dark Knight Trilogy,Books,https://www.amazon.com/Art-Making-Dark-Knight-Trilogy/dp/1419703692,2,2
Annihilation: A Novel (The Southern Reach Trilogy),Books,https://www.amazon.com/Annihilation-Novel-Southern-Reach-Trilogy/dp/0374104093,2,2
Mattel Back to the Future Hoverboard Prop Replica (does not fly),Toys & Games,https://www.amazon.com/Mattel-Back-Future-Hoverboard-Replica/dp/B00ADNJQXQ/ref=sr_1_2?s=toys-and-games&amp;ie=UTF8&amp;qid=1437182575&amp;sr=1-2&amp;keywords=marty+mcfly+shoes,2,2
The Land Before Time [Blu-ray],Movies & TV,https://www.amazon.com/gp/product/B0126M38N0?ref_=cm_sw_r_awd_a2O2vb5WFXQXC,2,2
"Questioning Collapse: Human Resilience, Ecological Vulnerability, and the Aftermath of Empire",Books,https://www.amazon.com/Questioning-Collapse-Resilience-Ecological-Vulnerability/dp/0521733669,,1
"Chemical Guys MIC_493 Chenille Microfiber Premium Scratch-Free Wash Mitt, Lime Green",Automotive Parts & Accessories,https://www.amazon.com/Chemical-Guys-Chenille-Microfiber-Scratch-Free/dp/B003TTL0TE/ref=sr_1_1?s=automotive&amp;ie=UTF8&amp;qid=1444759022&amp;sr=1-1&amp;keywords=chemical+guys+microfiber+wash+mitt,8,1
Sphero Star Wars BB-8 Droid,Cell Phones & Accessories,https://www.amazon.com/Sphero-R001ROW-BB-8-App-Enabled-Droid/dp/B0107H5FJ6,7,1
Thrustmaster Hotas Warthog Joystick,Electronics,https://www.amazon.com/Thrustmaster-Hotas-Warthog-Joystick-2960720/dp/B00371R8P4,7,1
Gold Medal Prod. 2045 Flavacol Seasoning Popcorn Salt 35oz.,Grocery & Gourmet Food,https://www.amazon.com/Gold-Medal-Prod-Flavacol-Seasoning/dp/B004W8LT10/ref=sr_1_1_a_it?ie=UTF8&amp;qid=1466862716&amp;sr=8-1&amp;keywords=Flavacol,7,1
BioShock: Rapture,Books,https://www.amazon.com/BioShock-Rapture-John-Shirley/dp/0765367351/,6,1
The Last Wish: Introducing The Witcher,Books,https://www.amazon.com/Last-Wish-Introducing-Witcher/dp/0316029181/ref=sr_1_1?ie=UTF8&amp;qid=1446747791&amp;sr=8-1&amp;keywords=the+last+wish,6,1
The Collected Works of Hayao Miyazaki (Amazon Exclusive) [Blu-ray],Movies & TV,https://www.amazon.com/Collected-Miyazaki-Amazon-Exclusive-Blu-ray/dp/B0117V8BX8/ref=redir_mobile_desktop?_encoding=UTF8&amp%3BdpID=51vvwkzML3L&amp%3BdpPl=1&amp%3Bkeywords=collected%20works%20of%20hayao%20miyazaki&amp%3Bpi=SX200_QL40&amp%3Bref=plSrch&amp%3Bsr=8-1&qid=1448467808&ref_=mp_s_a_1_1,6,1
The Art of Star Wars: The Force Awakens,Books,https://www.amazon.com/Art-Star-Wars-Force-Awakens/dp/1419717804/ref=sr_1_1?s=books&amp;ie=UTF8&amp;qid=1457928776&amp;sr=1-1&amp;keywords=art+of+force+awakens,5,1
"San Francisco Bay OneCup, Breakfast Blend, 80 Count- Single Serve Coffee, Compatible with Keurig K-cup Brewers",Grocery & Gourmet Food,https://www.amazon.com/dp/B007TGDXMU/ref=cm_sw_r_cp_awd_xFnSwbB95STS1,4,1
"BlenderBottle Classic Loop Top Shaker Bottle, Clear/Black, 28-Ounce Loop Top",Home & Kitchen,https://www.amazon.com/BlenderBottle-Classic-Shaker-Bottle-Clear/dp/B00MVMCUK8/,4,1
"Harry Potter and the Sorcerer's Stone: The Illustrated Edition (Harry Potter, Book 1)",Books,https://www.amazon.com/dp/0545790352/ref=cm_sw_r_other_awd_klnRwbRYEKTFX,4,1
Watchmen,Books,https://www.amazon.com/Watchmen-Alan-Moore/dp/1401245250,4,1
"Batman: Knightfall, Vol. 1",Books,https://www.amazon.com/Batman-Knightfall-Vol-Doug-Moench/dp/1401233791,4,1
Civil War,Books,https://www.amazon.com/Civil-War-Mark-Millar/dp/078512179X/ref=sr_1_1?ie=UTF8&amp;qid=1426864964&amp;sr=8-1&amp;keywords=civil+war,4,1
"Eisenhorn (A Warhammer 40,000 Omnibus)",Books,https://www.amazon.com/Eisenhorn-Warhammer-40-000-Omnibus/dp/1844161560/,3,1
Digging Up Mother: A Love Story,Books,https://www.amazon.com/Digging-Up-Mother-Love-Story/dp/0306824396/ref=sr_1_1?s=books&amp;ie=UTF8&amp;qid=1464604537&amp;sr=1-1&amp;keywords=doug+stanhope,3,1
The Animator's Survival Kit,Books,https://www.amazon.com/The-Animators-Survival-Richard-Williams/dp/0571202284,3,1
"Astonishing X-Men, Vol. 1: Gifted",Books,https://www.amazon.com/Astonishing-X-Men-Vol-1-Gifted/dp/0785115315,3,1
Save The Cat! The Last Book on Screenwriting You'll Ever Need,Books,https://www.amazon.com/Save-Last-Book-Screenwriting-Youll/dp/1932907009/ref=sr_1_1?ie=UTF8&amp;qid=1475709013&amp;sr=8-1&amp;keywords=save+the+cat,3,1
"A Sea of Words, Third Edition: A Lexicon and Companion to the Complete Seafaring Tales of Patrick O'Brian",Books,https://www.amazon.com/dp/0805066152/ref=cm_sw_r_cp_apa_dgdKybMGPPA6K,3,1
"PANASONIC LUMIX GH4 Body 4K Mirrorless Camera, 16 Megapixels, 3 Inch Touch LCD, DMC-GH4KBODY (USA Black)",Electronics,https://www.amazon.com/dp/B00I9GYG8O/ref=cm_sw_r_tw_dp_x_E9SlzbD15X99N,3,1
The Feminine Mystique (50th Anniversary Edition),Books,https://www.amazon.com/Feminine-Mystique-50th-Anniversary/dp/0393346781/ref=pd_sim_14_4?_encoding=UTF8&amp;pd_rd_i=0393346781&amp;pd_rd_r=YXSTKBGKESPW1A4Q1TAV&amp;pd_rd_w=OvEnC&amp;pd_rd_wg=wMOkc&amp;psc=1&amp;refRID=YXSTKBGKESPW1A4Q1TAV,3,1
Stories of Your Life and Others,Books,https://www.amazon.com/Stories-Your-Life-Others-Chiang/dp/1931520720,3,1
Deadpool Kills the Marvel Universe,Books,https://www.amazon.com/Deadpool-Kills-Marvel-Universe-Cullen/dp/0785164030/ref=sr_1_1?ie=UTF8&amp;amp;amp;amp;qid=1462919585&amp;amp;amp;amp;sr=8-1&amp;amp;amp;amp;keywords=deadpool+kills+the+marvel+universe,2,1
Invader Zim Volume 1,Books,https://www.amazon.com/dp/1620102935/ref=cm_sw_r_cp_api_p4e5ybJNK1AMD,2,1
Brita Large 10 Cup Everyday Water Pitcher with Filter - BPA Free - White,Home & Kitchen,https://www.amazon.com/Brita-10-Cup-Everyday-Filter-Pitcher/dp/B004GNGID0/ref=lp_284507_1_24?s=kitchen&amp;ie=UTF8&amp;qid=1436376169&amp;sr=1-24,2,1
SNICKERS Singles Size Chocolate Candy Bars 1.86-Ounce Bar 48-Count Box,Grocery & Gourmet Food,https://www.amazon.com/Liberty-Distribution-1202-Snickers-Candy/dp/B001HXI0V0/ref=sr_1_1?ie=UTF8&amp;qid=1436947746&amp;sr=8-1&amp;keywords=snickers+bar,2,1
Ramayana: Divine Loophole,Books,https://www.amazon.com/Ramayana-Divine-Loophole-Sanjay-Patel/dp/081187107X,2,1
"Shadow Moon (Chronicles of the Shadow War, Book 1)",Books,https://www.amazon.com/gp/product/0553572857/ref=pd_bxgy_14_img_3?ie=UTF8&amp;psc=1&amp;refRID=18148DCQEA5MW960ZYE9,2,1
I Am Legend,Books,https://www.amazon.com/I-Am-Legend-Richard-Matheson/dp/0765357151/,2,1
Saw: The Complete Movie Collection,Movies & TV,https://www.amazon.com/Saw-Complete-Collection-Blu-ray-Digital/dp/B00MFCPVO6/ref=sr_1_1?ie=UTF8&amp;qid=1498055941&amp;sr=8-1&amp;keywords=saw+collection+blu+ray,2,1
The Decision to Use the Atomic Bomb,Books,https://www.amazon.com/Decision-Use-Atomic-Bomb/dp/067976285X/,2,1
Back to the Future: Part II: Marty McFly Cap Replica,Toys & Games,https://www.amazon.com/Back-Future-Marty-McFly-Replica/dp/B001RJ1U6G,2,1
The Star Wars,Books,https://www.amazon.com/The-Star-Wars-JW-Rinzler/dp/1616554258,2,1
"3M Privacy Filter for 19"" Standard Monitor (5:4) (PF190C4B)",Electronics,https://www.amazon.com/gp/product/B00028ONIA/ref=s9_simh_hd_bw_b14DcP_p147_d0_i1?pf_rd_m=ATVPDKIKX0DER&amp;pf_rd_s=merchandised-search-3&amp;pf_rd_r=JNXHNWQA42JEVYEE9X8G&amp;pf_rd_r=JNXHNWQA42JEVYEE9X8G&amp;pf_rd_t=101&amp;pf_rd_p=b0e6ac95-5832-4d23-b956-d31776da7e9a&amp;pf_rd_p=b0e6ac95-5832-4d23-b956-d31776da7e9a&amp;pf_rd_i=15782001,2,1
Sony XBR49X830C 49-Inch 4K Ultra HD Smart LED TV (2015 Model),Electronics,https://www.amazon.com/Sony-XBR49X830C-49-Inch-Ultra-Smart/dp/B00R45XH8Q/ref=sr_1_3?s=electronics&amp;ie=UTF8&amp;qid=1467864309&amp;sr=1-3&amp;keywords=sony+bravia+tv+android,2,1
Star Wars 2009 Legacy Collection BuildADroid Action Figure Willrow Hood,Toys & Games,https://www.amazon.com/dp/B002Y602NS/ref=cm_sw_r_cp_apa_qB5jzbGHS6TJJ,2,1
Diamond Select Toys Marvel Select: Deadpool Action Figure,Toys & Games,https://www.amazon.com/Diamond-Select-Toys-Marvel-Deadpool/dp/B003B96AOW,2,1
The Lost City of Z: A Tale of Deadly Obsession in the Amazon,Books,https://www.amazon.com/Lost-City-Deadly-Obsession-Amazon/dp/1400078458/ref=sr_1_1?ie=UTF8&amp;qid=1492110575&amp;sr=8-1&amp;keywords=lost+city+of+z,2,1
The Complete Metropolis [Blu-ray],Movies & TV,https://www.amazon.com/gp/product/B0040QYROK,2,1
The Essential Guide to Vehicles and Vessels (Star Wars),Books,https://www.amazon.com/Essential-Guide-Vehicles-Vessels-Star/dp/034539299X,2,1
Star Wars The Black Series 6-Inch Rey (Jakku) and BB-8,Toys & Games,https://www.amazon.com/Star-Wars-Black-Series-6-Inch/dp/B00SD8I11G,2,1
The Iron Giant: Signature Edition (BD) [Blu-ray],Movies & TV,https://www.amazon.com/Iron-Giant-Signature-BD-Blu-ray/dp/B01DJVT53O/ref=sr_1_1?ie=UTF8&amp;qid=1473287816&amp;sr=8-1&amp;keywords=iron+giant,2,1
The Art of Zootopia,Books,https://www.amazon.com/Art-Zootopia-Jessica-Julius/dp/1452122237/ref=sr_1_1?ie=UTF8&amp;qid=1487485551&amp;sr=8-1&amp;keywords=art+of+zootopia,2,1
Superman: American Alien,Books,https://www.amazon.com/Superman-American-Alien-Max-Landis/dp/1401262562,2,1
Diplomacy (Touchstone Book),Books,https://www.amazon.com/Diplomacy-Touchstone-Book-Henry-Kissinger/dp/0671510991,2,1
Ghostbusters: The Ultimate Visual History,Books,https://www.amazon.com/Ghostbusters-Ultimate-History-Daniel-Wallace/dp/1608875105,2,1
The Lord of the Rings: The Motion Picture Trilogy (The Fellowship of the Ring / The Two Towers / The Return of the King Extended Editions),Movies & TV,https://www.amazon.com/Lord-Rings-Fellowship-Extended-Editions/dp/B0026L7H20,2,1
Truth in Comedy: The Manual for Improvisation,Books,https://www.amazon.com/Truth-Comedy-Improvisation-Charna-Halpern/dp/1566080037,2,1
Tarkin: Star Wars,Books,https://www.amazon.com/Tarkin-Star-Wars-James-Luceno/dp/0345511522,2,1
Industrial Light & Magic:  The Art of Special Effects,Books,https://www.amazon.com/dp/0345322630/ref=cm_sw_r_awd_oo-Rub1HV5QPN,2,1
Star Wars Trilogy (Widescreen Theatrical Edition),Movies & TV,https://www.amazon.com/Star-Trilogy-Widescreen-Theatrical-Edition/dp/B001EN71DG,2,1
Screenplay: The Foundations of Screenwriting,Books,https://www.amazon.com/Screenplay-Foundations-Screenwriting-Syd-Field/dp/0385339038/ref=sr_1_1?ie=UTF8&amp;qid=1475709040&amp;sr=8-1&amp;keywords=screenplay,2,1
Rothco Black VenTec Tactical Goggle,Sports & Outdoors,https://www.amazon.com/Rothco-Black-VenTec-Tactical-Goggle/dp/B001AQUOS6/,2,1
"The Filmmaker's Handbook, 2013 Edition",Books,https://www.amazon.com/The-Filmmakers-Handbook-Comprehensive-Digital/dp/0452297281/ref=pd_sim_14_4?ie=UTF8&amp;dpID=51IY7buC3sL&amp;dpSrc=sims&amp;preST=_AC_UL160_SR107,2,1
Guardians of the Galaxy Dancing Groot Figure,Toys & Games,https://www.amazon.com/dp/B00QYHMWNQ/ref=cm_sw_r_cp_apa_my-bybW37GV0M,2,1
Final Fantasy XV Deluxe Edition - PlayStation 4,Video Games,https://www.amazon.com/Final-Fantasy-XV-Deluxe-PlayStation-4/dp/B01DJPA9YE/ref=redir_mobile_desktop?_encoding=UTF8&amp%3BdpID=51wBUiOHPPL&amp%3BdpPl=1&amp%3Bkeywords=final%20fantasy%20xv&amp%3Bpi=SX200_QL40&amp%3Bqid=1469390038&amp%3Bref=plSrch&amp%3Bsr=8-1&ref_=mp_s_a_1_1,2,1
Star Wars: The Force Awakens (Blu-ray/DVD/Digital HD),Movies & TV,https://www.amazon.com/Star-Wars-Awakens-Blu-ray-Digital/dp/B018FK66TU,2,1
Reynolds Consumer Produ Aluminum Foil 30 Sf Roll 08031,"Health, Household & Baby Care",https://www.amazon.com/Reynolds-Consumer-Produ-Aluminum-08031/dp/B002M7XV8C/ref=sr_1_1?ie=UTF8&amp;qid=1434512043&amp;sr=8-1&amp;keywords=tinfoil,2,1
You Look Like That Girl: A Child Actor Stops Pretending and Finally Grows Up,Books,https://www.amazon.com/You-Look-Like-That-Girl/dp/0825307465,1,1
The Book of Three (The Chronicles of Prydain Book 1),Books,https://www.amazon.com/gp/product/0805080481?ie=UTF8&amp;tag=slatmaga-20&amp;linkCode=as2&amp;camp=1789&amp;creative=390957&amp;creativeASIN=0805080481,1,1
Amazing Fantastic Incredible: A Marvelous Memoir,Books,https://www.amazon.com/Amazing-Fantastic-Incredible-Marvelous-Memoir/dp/1501107720,1,1
Chef (Original Soundtrack Album),CDs & Vinyl,https://www.amazon.com/Original-Soundtrack-Album-Various-Artists/dp/B00JO739MG/ref=sr_1_1?ie=UTF8&amp;qid=1460054399&amp;sr=8-1&amp;keywords=chef+soundtrack,1,1
250 X COA Certificate of Authenticity Tamper Evident Security Stickers / Labels with Hologram and Corresponding Small Label,Office Products,https://www.amazon.com/dp/B00NHQ65Q2/ref=cm_sw_r_cp_awd_HNsJwb7BE50SQ,1,1
The Wise Guy Cookbook: My Favorite Recipes From My Life as a Goodfella to Cooking on the Run,Books,https://www.amazon.com/The-Wise-Guy-Cookbook-Goodfella/dp/0451207068,1,1
Paper Dreams: The Art And Artists Of Disney Storyboards,Books,https://www.amazon.com/Paper-Dreams-Artists-Disney-Storyboards/dp/0786863072,1,1
SNICKERS Minis Size Chocolate Candy Bars 40-Ounce Bag,Grocery & Gourmet Food,https://www.amazon.com/Snickers-Miniatures-Candy-40-Ounce/dp/B009LICX5W/ref=sr_1_10?ie=UTF8&amp;qid=1436947746&amp;sr=8-10&amp;keywords=snickers+bar,1,1
"GreenWorks Pro GCS80420 80V 18-Inch Cordless Chainsaw, 2Ah Li-Ion Battery and Charger Included","Patio, Lawn & Garden",https://www.amazon.com/GreenWorks-GCS80420-Cordless-Chainsaw-Included/dp/B00R6Z4R42/ref=sr_1_2?ie=UTF8&amp;qid=1496935728&amp;sr=8-2-spons&amp;keywords=battery+chainsaw&amp;psc=1,1,1
The Art of Frozen,Books,https://www.amazon.com/Art-Frozen-Charles-Solomon/dp/1452117160,1,1
Lupin The 3rd: The Castle of Cagliostro,Movies & TV,https://www.amazon.com/Lupin-3rd-Castle-Cagliostro-Blu-ray/dp/B00UN7FHCG/ref=pd_bxgy_mov_img_z,1,1
Forbidden Zone + Soundtrack CD [Blu-ray],Movies & TV,https://www.amazon.com/Forbidden-Zone-Soundtrack-CD-Blu-ray/dp/B00U2YNL1O/ref=tmm_blu_swatch_0?_encoding=UTF8&amp;qid=1446137779&amp;sr=1-1,1,1
Forbidden Zone,Movies & TV,https://www.amazon.com/Forbidden-Zone-Susan-Tyrrell/dp/B00U2YNKV0/ref=tmm_dvd_swatch_0?_encoding=UTF8&amp;qid=1446137779&amp;sr=1-1,1,1
"80/20 Inc., 1010, 10 Series, 1"" x 1"" T-Slotted Extrusion x 72""",Industrial & Scientific,https://www.amazon.com/80-20-Inc-T-Slotted-Extrusion/dp/B001F0K4KA/ref=sr_1_1?s=industrial&amp;ie=UTF8&amp;qid=1471027663&amp;sr=1-1&amp;keywords=80,1,1
Truly Tasteless Jokes Three,Books,https://www.amazon.com/Truly-Tasteless-Jokes-Three-Blanche/dp/0345315677/,1,1
Planetary VOL 01: All Over the World and Other Stories,Books,https://www.amazon.com/Planetary-VOL-01-World-Stories/dp/1563896486,1,1
Joan of Arc,Movies & TV,https://www.amazon.com/Joan-Arc-Ingrid-Bergman/dp/B00WKS44J8/ref=tmm_dvd_title_0?_encoding=UTF8&amp;amp;qid=&amp;amp;sr=,1,1
Libman 919 Lobby Broom & Dust Pan,Home & Kitchen,https://www.amazon.com/Libman-919-Lobby-Broom-Dust/dp/B002MV74X6,1,1
Nat Turner,Books,https://www.amazon.com/Nat-Turner-Kyle-Baker/dp/0810972271,1,1
How to Speak Wookiee: A Manual for Intergalactic Communication (Star Wars),Books,https://www.amazon.com/How-Speak-Wookiee-Intergalactic-Communication/dp/1452102554,1,1
"Russian Prison Tattoos: Codes of Authority, Domination, and Struggle",Books,https://www.amazon.com/Russian-Prison-Tattoos-Authority-Domination/dp/0764317644,1,1
Five Came Back: A Story of Hollywood and the Second World War,Books,https://www.amazon.com/Five-Came-Back-Hollywood-Second/dp/0143126830/ref=sr_1_1?ie=UTF8&amp;qid=1490368829&amp;sr=8-1&amp;keywords=mark+harris+five+came+back,1,1
Wham-O Trac Ball Racket Toy Game,Sports & Outdoors,https://www.amazon.com/Wham-Trac-Ball-Racket-Game/dp/B00003CYPK,1,1
Vanity Fair Magazine - February 1999: Star Wars - Phantom Menace,Books,https://www.amazon.com/Vanity-Fair-Magazine-February-Phantom/dp/B0012R4EY8,1,1
The Wesleyan Anthology of Science Fiction,Books,https://www.amazon.com/The-Wesleyan-Anthology-Science-Fiction/dp/0819569550,1,1
Inquisition,Books,https://www.amazon.com/Inquisition-Edward-Peters/dp/0520066308,1,1
Hard Boiled [Blu-ray],Movies & TV,https://www.amazon.com/Hard-Boiled-Blu-ray-Yun-Fat-Chow/dp/B0041SI7AC/ref=sr_1_1?ie=UTF8&amp;qid=1493681443&amp;sr=8-1&amp;keywords=hard+boiled,1,1
Jumper: A Novel,Books,https://www.amazon.com/Jumper-Novel-Steven-Gould/dp/0765357690,1,1
"A Hundred Years of Japanese Film: A Concise History, with a Selective Guide to DVDs and Videos",Books,https://www.amazon.com/Hundred-Years-Japanese-Film-Selective/dp/1568364393,1,1
The Illustrated Star Wars Universe (Star Wars),Books,https://www.amazon.com/The-Illustrated-Star-Wars-Universe/dp/0553374842,1,1
"Leon: The Professional, SteelBook [Blu-ray]",Movies & TV,https://www.amazon.com/Leon-Professional-Project-Limited-Steelbooks/dp/B00Q5J9TM0,1,1
Life on the Mississippi (Signet Classics),Books,https://www.amazon.com/Life-Mississippi-Signet-Classics-Twain/dp/0451531205,1,1
We're Back! A Dinosaur's Story [Blu-ray],Movies & TV,https://www.amazon.com/Were-Back-Dinosaurs-Story-Blu-ray/dp/B014F4CQ9Y,1,1
Ghostbusters: The Video Game [Download],Video Games,https://www.amazon.com/dp/B0044DEQ3Q,1,1
The Exorcist,Books,https://www.amazon.com/Exorcist-William-Peter-Blatty/dp/0061007226/ref=sr_1_2?ie=UTF8&amp;qid=1484328138&amp;sr=8-2&amp;keywords=the+exorcist,1,1
Star Wars: Han Solo,Books,https://www.amazon.com/Star-Wars-Solo-Marjorie-Liu/dp/0785193219/ref=sr_1_1?ie=UTF8&amp;qid=1500423803&amp;sr=8-1&amp;keywords=han+solo+comic,1,1
Gold: Greatest Hits,CDs & Vinyl,https://www.amazon.com/Gold-Greatest-Hits-Boney-M/dp/B0015X6QTU/ref=ntt_mus_ep_dpi_4,1,1
Space Mountain: A Graphic Novel (Disney Original Graphic Novel),Books,https://www.amazon.com/Space-Mountain-Graphic-Disney-Original/dp/1423162293,1,1
Frank Miller's Robocop,Books,https://www.amazon.com/Frank-Millers-Robocop-Miller/dp/1592910351/,1,1
As You Wish: Inconceivable Tales from the Making of The Princess Bride,Books,https://www.amazon.com/As-You-Wish-Inconceivable-Princess/dp/1476764026/ref=sr_1_1?ie=UTF8&amp;qid=1448721393&amp;sr=8-1&amp;keywords=carey+elwes,1,1
Hitchcock's Notebooks:: An Authorized And Illustrated Look Inside The Creative Mind Of Alfred Hitchcook,Books,https://www.amazon.com/Hitchcocks-Notebooks-Authorized-Illustrated-Hitchcook/dp/0380977834,1,1
Batman: Vampire,Books,https://www.amazon.com/Batman-Vampire-Doug-Moench/dp/1401215653,1,1
The Books of Magic,Books,https://www.amazon.com/The-Books-Magic-Neil-Gaiman/dp/1401246869,1,1
The Gangs of New York: An Informal History of the Underworld,Books,https://www.amazon.com/The-Gangs-New-York-Underworld/dp/0307388980,1,1
Nothing Lasts Forever (The book that inspired the movie Die Hard),Books,https://www.amazon.com/Nothing-Lasts-Forever-inspired-movie/dp/1935169181,1,1
"The Matrix Comics, Vol. 1",Books,https://www.amazon.com/Matrix-Comics-Vol-1/dp/1932700005/ref=sr_1_1?ie=UTF8&amp;qid=1489816005&amp;sr=8-1&amp;keywords=matrix+neil+gaiman,1,1
"iScholar Gross Pack Pencils, #2, Yellow, 288 Pencils, 33144","Arts, Crafts & Sewing",https://www.amazon.com/dp/B01L0D088O/ref=twister_B008WNU0Z2?_encoding=UTF8&amp;psc=1,1,1
Shogun (Asian Saga),Books,https://www.amazon.com/Shogun-James-Clavell/dp/0440178002,1,1
Superman Lives!,Books,https://www.amazon.com/Superman-Lives-Mike-Carlin/dp/1594830738/ref=sr_1_1?s=books&amp;ie=UTF8&amp;qid=1489302719&amp;sr=1-1&amp;keywords=superman+lives+audio,1,1
Superstud: Or How I Became a 24-Year-Old Virgin,Books,https://www.amazon.com/gp/product/1400051754,1,1
Funtasma by Pleaser Men's Halloween Monster-02,"Clothing, Shoes & Jewelry",https://www.amazon.com/Funtasma-Pleaser-Mens-Halloween-Monster-02/dp/B001AH82TS,1,1
Giorgio Moroder Presents Metropolis,Movies & TV,https://www.amazon.com/dp/B005J7K964/,1,1
The Last Battle: When U.S. and German Soldiers Joined Forces in the Waning Hours of World War II in Europe,Books,https://www.amazon.com/The-Last-Battle-German-Soldiers/dp/0306822083/,1,1
Debbie: My Life,Books,https://www.amazon.com/Debbie-My-Life-Reynolds/dp/068806633X/ref=sr_1_1?ie=UTF8&amp;qid=1483060850&amp;sr=8-1&amp;keywords=debbie+my+life,1,1
Alien Facehugger Plush Toy,Toys & Games,https://www.amazon.com/ALIEN-Facehugger-Plush-Space-Cuddle/dp/B004RCVZLA/ref=pd_sim_t_1?ie=UTF8&amp;refRID=0V2N3GN0Z73V27RTXY2Z,1,1
THE ARRIVAL (LaserDisc),Movies & TV,https://www.amazon.com/ARRIVAL-LaserDisc-Charlie-Sheen/dp/B007JEA6A4,1,1
On the Run: A Mafia Childhood,Books,https://www.amazon.com/On-Run-A-Mafia-Childhood/dp/044652770X,1,1
"""I Heard You Paint Houses"": Frank ""The Irishman"" Sheeran and the Inside Story of the Mafia, the Teamsters, and the Last Ride of Jimmy Hoffa",Books,https://www.amazon.com/Heard-You-Paint-Houses-Teamsters/dp/1586420895,1,1
Jaws [Blu-ray],Movies & TV,https://www.amazon.com/dp/B00MA5KL9I/ref=cm_sw_r_cp_api_.bCPybF2ZT8K4,1,1
The Confederate States of America: What Might Have Been,Books,https://www.amazon.com/Confederate-States-America-What-Might/dp/0393059677,1,1
Pan's Labyrinth The Criterion Collection,Movies & TV,https://www.amazon.com/dp/B01IPDO27A/ref=cm_sw_r_cp_api_5qwbybDCNR0Z7,1,1
"Starting Point, 1979-1996",Books,https://www.amazon.com/Starting-Point-1979-1996-Hayao-Miyazaki/dp/1421561042,1,1
Suicide Squad: The Official Movie Novelization,Books,https://www.amazon.com/dp/1785651676/ref=cm_sw_r_cp_api_WMWzzbNM8WWK0,1,1
Understanding the Film: An Introduction to Film Appreciation,Books,https://www.amazon.com/Understanding-Film-An-Introduction-Appreciation/dp/0844257974,1,1
The Taliban Shuffle: Strange Days in Afghanistan and Pakistan,Books,https://www.amazon.com/The-Taliban-Shuffle-Afghanistan-Pakistan/dp/030747738X,1,1
Suavecito Pomade Firme (Strong) Hold 4 oz,Beauty & Personal Care,https://www.amazon.com/gp/product/B008LD8ZGO/ref=as_li_qf_sp_asin_il_tl?ie=UTF8&amp;camp=1789&amp;creative=9325&amp;creativeASIN=B008LD8ZGO&amp;linkCode=as2&amp;tag=atft-20,1,1
Napoleon: A Life,Books,https://www.amazon.com/Napoleon-A-Life-Andrew-Roberts/dp/0670025321,1,1
"X-Men: The Complete Age of Apocalypse Epic, Book 1",Books,https://www.amazon.com/X-Men-Complete-Apocalypse-Epic-Book/dp/0785117148,1,1
Spider-Man 3 (2-Disc Special Edition),Movies & TV,https://www.amazon.com/Spider-Man-3-2-Disc-Special-Edition/dp/B00005JPFH,1,1
Avatar: A Confidential Report on the Biological and Social History of Pandora (James Cameron's Avatar),Books,https://www.amazon.com/Avatar-Confidential-Biological-History-Camerons/dp/B004Y6MZ7M,1,1
Danse Macabre,Books,https://www.amazon.com/Danse-Macabre-Stephen-King/dp/1439170983/ref=sr_1_1?ie=UTF8&amp;qid=1424189321&amp;sr=8-1&amp;keywords=danse+macabre+stephen+king,1,1
Transformers: Age of Extinction [Blu-ray],Movies & TV,https://www.amazon.com/Transformers-Extinction-Blu-ray-Mark-Wahlberg/dp/B00L4K3MLE/ref=sr_1_3?ie=UTF8&amp;qid=1489429300&amp;sr=8-3&amp;keywords=age+of+extinction+transformers,1,1
PACIFIC RIM,Books,https://www.amazon.com/dp/1608871827/ref=cm_sw_r_cp_apa_YQsCzb9X662RQ,1,1
Lavatools PT12 Javelin Digital Instant Read Meat Thermometer (Sesame),"Patio, Lawn & Garden",https://www.amazon.com/Ultra-Accurate-High-Performing-Digital-Thermometer/dp/B00OXHQL3Q/ref=sr_1_1?ie=UTF8&amp;qid=1444933475&amp;sr=8-1&amp;keywords=lavatools,1,1
DC Collectibles Batman Black and White Batman Statue,Toys & Games,https://www.amazon.com/DC-Collectibles-Batman-Black-Statue/dp/B00CF9W28M,1,1
TRON: Evolution - Playstation 3,Video Games,https://www.amazon.com/TRON-Evolution-Playstation-3/dp/B0030MQPQ8,1,1
Robert Ludlum The Bourne Trilogy 3 Books Pack Set,Books,https://www.amazon.com/dp/B003PMQK7M/ref=cm_sw_r_other_apa_iaeZxb8ATW0B9,1,1
Spawn: The Album 1997 Film,CDs & Vinyl,https://www.amazon.com/Spawn-Album-Filter-Crystal-Method/dp/B000002C1C,1,1
Seven Samurai (The Criterion Collection) [Blu-ray],Movies & TV,https://www.amazon.com/Seven-Samurai-Criterion-Collection-Blu-ray/dp/B003KGBISY/ref=sr_1_2_twi_1_blu?ie=UTF8&amp;qid=1435331514&amp;sr=8-2&amp;keywords=seven+samurai,1,1
Rhythm of the Pride Lands: Music Inspired by Disney's The Lion King,CDs & Vinyl,https://www.amazon.com/Rhythm-Pride-Lands-Inspired-Disneys/dp/B000001M2E,1,1
Bad Golf My Way,Books,https://www.amazon.com/Bad-Golf-Way-Leslie-Nielson/dp/0385488831,1,1
"Earth Hive (Aliens, Book 1)",Books,https://www.amazon.com/Earth-Hive-Aliens-Book-1/dp/0553561200,1,1
"Merchant of Death: Money, Guns, Planes, and the Man Who Makes War Possible",Books,https://www.amazon.com/Merchant-Death-Money-Planes-Possible/dp/047026196X/ref=sr_1_2?s=books&amp;ie=UTF8&amp;qid=1485176168&amp;sr=1-2&amp;keywords=merchant+of+death,1,1
Doctor Strange: The Sorcerer Supreme,Movies & TV,https://www.amazon.com/Doctor-Strange-The-Sorcerer-Supreme/dp/B000R5OFOA,1,1
The Battle for Bond,Books,https://www.amazon.com/The-Battle-Bond-Robert-Sellers/dp/0955767008,1,1
Rothco Stirrup Style Shirt Stays,Sports & Outdoors,https://www.amazon.com/Shirt-Stays-Military-Uniform-Stirrup/dp/B001LQ5LT2,1,1
100 All-Time Favorite Movies of the 20th Century,Books,https://www.amazon.com/All-Time-Favorite-Movies-20th-Century/dp/3836556189/ref=sr_1_1?s=books&amp;ie=UTF8&amp;qid=1493392458&amp;sr=1-1&amp;keywords=taschen+100+movies,1,1
"Plantation Airs: Racial Paternalism and the Transformations of Class in Southern Fiction, 1945--1971 (Southern Literary Studies)",Books,https://www.amazon.com/The-Marble-Man-American-Society/dp/0807104744,1,1
Post-9/11 Cinema: Through a Lens Darkly,Books,https://www.amazon.com/Post-9-11-Cinema-Through-Darkly/dp/0810881349,1,1
Dick Tracy: The Complete True Hearts and Tommy Guns Trilogy,Books,https://www.amazon.com/Dick-Tracy-Complete-Hearts-Trilogy/dp/1561150045,1,1
The Boy Who Loved Batman: A Memoir,Books,https://www.amazon.com/Boy-Who-Loved-Batman-Memoir/dp/0811875504/ref=sr_1_1?ie=UTF8&amp;qid=1444005350&amp;sr=8-1&amp;keywords=the+boy+who+loved+batman,1,1
The Little Book of Hindu Deities: From the Goddess of Wealth to the Sacred Cow,Books,https://www.amazon.com/Little-Book-Hindu-Deities-Goddess/dp/0452287758/ref=sr_1_1?ie=UTF8&amp;qid=1445312466&amp;sr=8-1&amp;keywords=hindu+gods+kids+book,1,1
The DUFF: (Designated Ugly Fat Friend),Books,https://www.amazon.com/The-DUFF-Designated-Ugly-Friend/dp/B0068EPTD0,1,1
Escape from New York,Books,https://www.amazon.com/Escape-New-York-Mike-McQuay/dp/0553149148/ref=sr_1_3?s=books&amp;ie=UTF8&amp;qid=1431237261&amp;sr=1-3&amp;keywords=Escape+From+New+York,1,1
Ganesha's Sweet Tooth,Books,https://www.amazon.com/Ganeshas-Sweet-Tooth-Emily-Haynes/dp/1452103623/ref=pd_bxgy_14_img_2?ie=UTF8&amp;refRID=0FD2G5VWEZWP4DBR43HR,1,1
Driven: The sequel to Drive,Books,https://www.amazon.com/Driven-James-Sallis/dp/1464200114,1,1
3Dconnexion SpacePilot Pro 3D Mouse 3DX-700036,Electronics,https://www.amazon.com/3Dconnexion-SpacePilot-Pro-Mouse-3DX-700036/dp/B00283VWK4/ref=sr_1_3?s=pc&amp;ie=UTF8&amp;qid=1470930377&amp;sr=1-3&amp;keywords=3d+mouse,1,1
"""I Heard You Paint Houses"", Updated Edition: Frank ""The Irishman"" Sheeran & Closing the Case on Jimmy Hoffa",Books,https://www.amazon.com/dp/1586422383/ref=cm_sw_r_cp_apa_wXKbybCS1BQVG,1,1
Bad Monkeys: A Novel (P.S.),Books,https://www.amazon.com/Bad-Monkeys-Novel-Matt-Ruff/dp/0061240427,1,1
Look Who's Back,Books,https://www.amazon.com/Look-Whos-Back-Timur-Vermes/dp/1623653339,1,1
Dredd: Urban Warfare,Books,https://www.amazon.com/Dredd-Urban-Warfare-Arthur-Wyatt/dp/1781083177/ref=sr_1_1?ie=UTF8&amp;qid=1461764097&amp;sr=8-1&amp;keywords=dredd+underbelly,1,1
Bower 500mm/1000mm Telephoto Lens for Nikon D7000 D7100 D5200 D5000 D5100 D90 D80 D70 D60 D40 D40X D3S D300S D3000 D3200 D5200 D3X,Electronics,https://www.amazon.com/Bower-500mm-1000mm-Telephoto-Nikon/dp/B00EHP2C28,1,1
"Governing by Campaigning: The Politics of the Bush Presidency, 2007 Edition (Great Questions in Politics Series) (2nd Edition)",Books,https://www.amazon.com/Governing-Campaigning-Politics-Presidency-Questions/dp/0205529623/ref=sr_1_1?ie=UTF8&amp;qid=1490888525&amp;sr=8-1&amp;keywords=governing+by+campaigning,1,1
Weekend at Bernie's 2 [VHS],Movies & TV,https://www.amazon.com/Weekend-at-Bernies-2-VHS/dp/0800128001,1,1
The 13th Warrior,Movies & TV,https://www.amazon.com/The-13th-Warrior-Antonio-Banderas/dp/6305692688,1,1
The Lord of the Rings: The Fellowship of the Ring - The Complete Recordings,CDs & Vinyl,https://www.amazon.com/Lord-Rings-Fellowship-Complete-Recordings/dp/B000BNI90O/ref=sr_1_2,1,1
The Secret History of Wonder Woman,Books,https://www.amazon.com/The-Secret-History-Wonder-Woman/dp/0804173400,1,1
"The Art of Star Wars, Episode VI - Return of the Jedi",Books,https://www.amazon.com/dp/0345410890/ref=cm_sw_r_awd_cr-Rub0PQYB4R,1,1
First Blood,Books,https://www.amazon.com/First-Blood-David-Morrell/dp/0446364401,1,1
Borat,Movies & TV,https://www.amazon.com/Borat-Blu-ray-2006/dp/B002M4CEZG,1,1
Touch Of Evil (50th Anniversary Edition),Movies & TV,https://www.amazon.com/Touch-Evil-50th-Anniversary-Edition/dp/B001CC7PQ2,1,1
Gingerdead Man 2: The Passion of the Crust,Movies & TV,https://www.amazon.com/Gingerdead-Man-The-Passion-Crust/dp/B0018LX9P8,1,1
The Angela Mao Ying Collection,Movies & TV,https://www.amazon.com/Collection-TAEKWONDO-STRIKES-TOURNAMENT-HIMALAYAN/dp/B00ITAQ49O,1,1
Day by Day Armageddon (Day by Day Armageddon Series),Books,https://www.amazon.com/Day-Armageddon/dp/1501263889,1,1
JLA Titans: Technis Imperative (JLA (DC Comics Unnumbered Paperback)),Books,https://www.amazon.com/JLA-Titans-Imperative-Unnumbered-Paperback/dp/1563895633,1,1
Unqualified,Books,https://www.amazon.com/Unqualified-Anna-Faris/dp/1101986425,1,1
Interstellar: The Official Movie Novelization,Books,https://www.amazon.com/Interstellar-Official-Novelization-Greg-Keyes/dp/1783293691/ref=sr_1_1?ie=UTF8&amp;qid=1425146643&amp;sr=8-1&amp;keywords=interstellar+novelization,1,1
Bruce Lee: Fighting Spirit,Books,https://www.amazon.com/Bruce-Lee-Fighting-Spirit-Thomas/dp/1883319250,1,1
Irredeemable: Volume 1,Books,https://www.amazon.com/Irredeemable-Volume-1-Mark-Waid/dp/1934506907,1,1
Se7en: Original Motion Picture Soundtrack,CDs & Vinyl,https://www.amazon.com/Se7en-Original-Motion-Picture-Soundtrack/dp/B000000GSU/.,1,1
Valerian: The New Future Trilogy Volume 1 (v. 1),Books,https://www.amazon.com/Valerian-New-Future-Trilogy-v/dp/0743486749,1,1
Almost Famous: The Bootleg Cut (Director's Edition),Movies & TV,https://www.amazon.com/Almost-Famous-Bootleg-Directors-Edition/dp/B00005OM4Q,1,1
Song of the Sea [Blu-ray],Movies & TV,https://www.amazon.com/Song-Sea-Blu-ray-DVD-DIGITAL/dp/B00RVDRPI4,1,1
Seven [Blu-ray],Movies & TV,https://www.amazon.com/Seven-Blu-ray-Brad-Pitt/dp/B004XKVPG6/,1,1
"Dinosaurs: The Most Complete, Up-to-Date Encyclopedia for Dinosaur Lovers of All Ages",Books,https://www.amazon.com/Dinosaurs-Complete-Up-Date-Encyclopedia/dp/0375824197,1,1
A Brighter Summer Day (The Criterion Collection) [Blu-ray],Movies & TV,https://www.amazon.com/Brighter-Summer-Criterion-Collection-Blu-ray/dp/B019I74HQS,1,1
EZCast OTA Smart TV Stick WIFI Display Dongle HDMI Streaming Media Player Miracast Output 1080p Windows iOS Andriod Mini Pc Player Adapter Support Dlna Ipush TV Receiver Box Google Chromecast AH095,Electronics,https://www.amazon.com/Display-Streaming-Miracast-Receiver-Chromecast/dp/B019XU62S6/ref=sr_1_1?ie=UTF8&amp;qid=1467862763&amp;sr=8-1&amp;keywords=chromecast,1,1
"Mediabridge HDMI Cable (6 Feet) - Supports 4K@60Hz - High Speed, Hand-Tested, HDMI 2.0 Ready - UHD, 18Gbps, Audio Return Channel, Ethernet (Part# 91-02X-06B )",Electronics,https://www.amazon.com/dp/B0019EHU8G,1,1
The Repossession Mambo,Books,https://www.amazon.com/Repossession-Mambo-Eric-Garcia/dp/0061802832,1,1
Armageddon,Movies & TV,https://www.amazon.com/Armageddon-Criterion-Collection-Bruce-Willis/dp/6305311463,1,1
Venom By Daniel Way Ultimate Collection,Books,https://www.amazon.com/Venom-Daniel-Way-Ultimate-Collection/dp/0785157042,1,1
Gremlins 2: The New Batch,Books,https://www.amazon.com/Gremlins-2-Batch-David-Bischoff/dp/0380760614,1,1
The Price of Freedom (Pirates of the Caribbean),Books,https://www.amazon.com/Price-Freedom-Pirates-Caribbean/dp/1423107047,1,1
Kiddography: The Art and Life of Tom Kidd,Books,https://www.amazon.com/Kiddography-Art-Life-Tom-Kidd/dp/1843402017/ref=redir_mobile_desktop?_encoding=UTF8&pc_redir=T1,1,1
The Invisible Art,Books,https://www.amazon.com/The-Invisible-Art-Mark-Cotta/dp/0811831361,1,1
The Sexy Book of Sexy Sex,Books,https://www.amazon.com/Sexy-Book-Sex/dp/0811871266,1,1
Watchmen: The Complete Motion Comic,Movies & TV,https://www.amazon.com/Watchmen-Complete-Motion-Tom-Stechschulte/dp/B001QFYLJY/ref=sr_1_1?ie=UTF8&amp;qid=1492180359&amp;sr=8-1&amp;keywords=watchmen+animated+comic,1,1
Screenwriting: The Sequence Approach,Books,https://www.amazon.com/Screenwriting-Sequence-Approach-Paul-Gulino/dp/0826415687/ref=sr_1_1?ie=UTF8&amp;qid=1475708941&amp;sr=8-1&amp;keywords=screenwriting+the+sequence+approach,1,1
"Rebel without a Deal: or, How a 30-year-old filmmaker with $11,000 almost became a Hollywood player",Books,https://www.amazon.com/Rebel-without-Deal-30-year-old-filmmaker/dp/1456334832,1,1
The Exorcist: 40th Anniversary [Blu-ray],Movies & TV,https://www.amazon.com/Exorcist-40th-Anniversary-Blu-ray/dp/B00DYRNGQ6,1,1
"Poised To Pummel: an unauthorized, illustrated biography of Bruce Lee",Books,https://www.amazon.com/dp/0983781303,1,1
The Loss of a Teardrop Diamond [Blu-ray],Movies & TV,https://www.amazon.com/The-Loss-Teardrop-Diamond-Blu-ray/dp/B003H8F45I,1,1
Born Standing Up: A Comic's Life,Books,https://www.amazon.com/Born-Standing-Up-Comics-Life/dp/1416553657,1,1
Who Was Bruce Lee?,Books,https://www.amazon.com/dp/0448479494/,1,1
The Last Samurai: The Life and Battles of Saigo Takamori,Books,https://www.amazon.com/Last-Samurai-Battles-Saigo-Takamori/dp/0471705373/ref=mt_paperback?_encoding=UTF8&amp;me=,1,1
1001 Movies You Must See Before You Die,Books,https://www.amazon.com/1001-Movies-You-Must-Before/dp/0764166131,1,1
Mad as Hell: The Making of Network and the Fateful Vision of the Angriest Man in Movies,Books,https://www.amazon.com/Mad-Hell-Network-Fateful-Angriest/dp/1250062241/ref=pd_lpo_sbs_14_t_0?_encoding=UTF8&amp;psc=1&amp;refRID=R68A5FZD6AK8B2J9MK6G,1,1
Moons A Balloon,Books,https://www.amazon.com/Moons-A-Balloon-David-Niven/dp/0140239243,1,1
The Winter King (The Arthur Books #1),Books,https://www.amazon.com/Winter-King-Arthur-Books/dp/0312156960/ref=sr_1_6?ie=UTF8&amp;qid=1426043827&amp;sr=8-6&amp;keywords=bernard+cornwell,1,1
Bring on the empty horses,Books,https://www.amazon.com/Bring-empty-horses-David-Niven/dp/0399115420/ref=pd_sim_14_1?ie=UTF8&amp;dpID=51n-ODOw84L&amp;dpSrc=sims&amp;preST=_AC_UL160_SR126,1,1
Hannibal Rising,Books,https://www.amazon.com/Hannibal-Rising-Thomas-Harris/dp/044024286X,1,1
Gilliam on Gilliam (Directors on Directors),Books,https://www.amazon.com/Gilliam-Directors-Terry/dp/0571202802,1,1
Raceball: How the Major Leagues Colonized the Black and Latin Game,Books,https://www.amazon.com/Raceball-Major-Leagues-Colonized-Black/dp/0807048070,1,1
Gremlins - Deluxe Plush - Gizmo,Toys & Games,https://www.amazon.com/dp/B0000A1R4S/ref=cm_sw_r_cp_api_lCowxbCD2MHXN,1,1
Georges Melies: First Wizard of Cinema 1896-1913,Movies & TV,https://www.amazon.com/Georges-Melies-Wizard-Cinema-1896-1913/dp/B0013K8J90/ref=sr_1_1?s=movies-tv&amp;ie=UTF8&amp;qid=1484702987&amp;sr=1-1&amp;keywords=georges+melies,1,1
Justice League: Season 1 [Blu-ray],Movies & TV,https://www.amazon.com/Justice-League-Season-1-Blu-ray/dp/B0018TNMCA,1,1
Justice League: Season 2 (DC Comics Classic Collection) [Blu-ray],Movies & TV,https://www.amazon.com/Justice-League-Classic-Collection-Blu-ray/dp/B004VWKD3M/,1,1
mrs. frisby and the rats of n i m h,Books,https://www.amazon.com/mrs-frisby-rats-robert-brien/dp/B005LEBGL2/ref=sr_1_1?ie=UTF8&amp;qid=1451383933&amp;sr=8-1&amp;keywords=Mrs.+Frisby+and+the+Rats+of+N.I.M.H.,1,1
Ben-Hur: The Ten Commandments,Movies & TV,https://www.amazon.com/Ben-Hur-Ten-Commandments-Blu-ray-Various/dp/B00AMSLDW4/ref=tmm_mfc_swatch_0?_encoding=UTF8&amp;qid=1458156959&amp;sr=8-3,1,1
"McCormick Grinders Sea Salt Grinder, 6.1 oz",Grocery & Gourmet Food,https://www.amazon.com/McCormick-Salt-Grinder-Value-Ounce/dp/B00HHFWX9C/ref=sr_1_6?ie=UTF8&amp;qid=1442599625&amp;sr=8-6&amp;keywords=salt+grinder+mccormick,1,1
Rise Of The Predator [DVD],Movies & TV,https://www.amazon.com/Rise-Of-The-Predator-DVD/dp/B00HRTHTOW,1,1
Mad Max: Fury Road - Original Motion Picture Soundtrack,CDs & Vinyl,https://www.amazon.com/Mad-Max-Original-Picture-Soundtrack/dp/B00UART6C6/ref=sr_1_sc_2?ie=UTF8&amp;qid=1431788774&amp;sr=8-2-spell&amp;keywords=mad+amx+fury+road,1,1
Easy Money / Men At Work [Blu-ray],Movies & TV,https://www.amazon.com/Easy-Money-Men-Work-Blu-ray/dp/B00X99RO3K/,1,1
Justice League Unlimited: The Complete Series [Blu-ray],Movies & TV,https://www.amazon.com/Justice-League-Unlimited-Complete-Blu-ray/dp/B015WU6DQW/,1,1
Sisterhood Is Powerful,Books,https://www.amazon.com/Sisterhood-Powerful-Robin-Morgan/dp/0394705394,1,1
Gandahar,Movies & TV,https://www.amazon.com/Gandahar/dp/B000ILZ8B2/,1,1
"Kubrick, New and Expanded Edition: Inside a Film Artist's Maze",Books,https://www.amazon.com/Kubrick-New-Expanded-Inside-Artists/dp/0253213908/ref=sr_1_8?s=books&amp;ie=UTF8&amp;qid=1443461920&amp;sr=1-8&amp;keywords=kubrick,1,1
"X-Men Shape Shifters: Wolverine 7"" Poseable Action Figure that Transforms into Mega Mutant Wolf with Attachable Missile Launcher",Toys & Games,https://www.amazon.com/X-Men-Shape-Shifters-Transforms-Attachable/dp/B000BJL090,1,1
ORGANIC CHEMISTRY,Books,https://www.amazon.com/ORGANIC-CHEMISTRY-Louis-F-Fieser/dp/B0000CHQG8,1,1
Light Years VHS,Movies & TV,https://www.amazon.com/Light-Years-VHS-Pierre-Marie-Escourrou/dp/6303340962/,1,1
The Hollywood Economist 2.0: The Hidden Financial Reality Behind the Movies,Books,https://www.amazon.com/The-Hollywood-Economist-2-0-Financial/dp/1612190502,1,1
"Ghost In The Shell, Vol. 1, 2nd Edition",Books,https://www.amazon.com/Ghost-In-The-Shell-Volume/dp/1593072287,1,1
Sexual Politics,Books,https://www.amazon.com/Sexual-Politics-Kate-Millett/dp/023117425X/ref=pd_sim_14_11?_encoding=UTF8&amp;pd_rd_i=023117425X&amp;pd_rd_r=YXSTKBGKESPW1A4Q1TAV&amp;pd_rd_w=OvEnC&amp;pd_rd_wg=wMOkc&amp;psc=1&amp;refRID=YXSTKBGKESPW1A4Q1TAV,1,1
Stanley Kubrick: Interviews (Conversations with Filmmakers (Paperback)),Books,https://www.amazon.com/Stanley-Kubrick-Interviews-Conversations-Filmmakers/dp/1578062977,1,1
Shawshank Redemption: The Shooting Script,Books,https://www.amazon.com/Shawshank-Redemption-Shooting-Frank-Darabont/dp/1557042462/ref=sr_1_4?s=books&amp;ie=UTF8&amp;qid=1488924635&amp;sr=1-4&amp;keywords=shawshank,1,1
Name That Movie: 100 Illustrated Movie Puzzles,Books,https://www.amazon.com/Name-That-Movie-Illustrated-Puzzles/dp/1452104972,1,1
The Little White Trip: A Night in the Pines,Books,https://www.amazon.com/The-Little-White-Trip-Night/dp/0977930467,1,1
Game Over Press Start To Continue,Books,https://www.amazon.com/Game-Over-Press-Start-Continue/dp/0966961706,1,1
Myth & the Movies: Discovering the Myth Structure of 50 Unforgettable Films,Books,https://www.amazon.com/Myth-Movies-Discovering-Structure-Unforgettable/dp/0941188663/ref=sr_1_1?s=books&amp;ie=UTF8&amp;qid=1458761992&amp;sr=1-1&amp;keywords=myth+and+the+movies,1,1
Reflex (Jumper),Books,https://www.amazon.com/dp/0812578546/ref=cm_sw_r_awd_sa61ub0X7SPMJ,1,1
Profoundly Disturbing: The Shocking Movies that Changed History,Books,https://www.amazon.com/Profoundly-Disturbing-Shocking-Changed-History/dp/0789308444/,1,1
INTERSTELLAR MOVIE POSTER 1 Sided ORIGINAL IMAX MINI Version B 12x16 MATTHEW MCCONAUGHEY,Home & Kitchen,https://www.amazon.com/gp/product/B00QJ4L4FQ/ref=oh_aui_detailpage_o01_s00?ie=UTF8&amp;psc=1,1,1
The Frighteners,Movies & TV,https://www.amazon.com/The-Frighteners-Michael-J-Fox/dp/078322799X,1,1
"I Hated, Hated, Hated This Movie",Books,https://www.amazon.com/Hated-This-Movie/dp/0740706721,1,1
INTERSTELLAR MOVIE POSTER 1 Sided ORIGINAL IMAX MINI 12x16 MATTHEW MCCONAUGHEY by Super Posters,Home & Kitchen,https://www.amazon.com/gp/product/B00S0CD8W2/ref=oh_aui_detailpage_o00_s00?ie=UTF8&amp;psc=1,1,1
"Interstellar Imax ""B"" 12x16 Inch Promo Movie Poster",Home & Kitchen,https://www.amazon.com/gp/product/B00S0CE57Y/ref=oh_aui_detailpage_o00_s00?ie=UTF8&amp;psc=1,1,1
Kick Me: Adventures in Adolescence,Books,https://www.amazon.com/Kick-Adventures-Adolescence-Paul-Feig/dp/0609809431,1,1
"Samurai Cat - Neko Zamurai (Japanese TV Drama with English, All Region DVD Version)",Movies & TV,https://www.amazon.com/Samurai-Cat-Zamurai-Japanese-English/dp/B00TG0H5O4,1,1
"Good Scripts, Bad Scripts: Learning the Craft of Screenwriting Through 25 of the Best and Worst Films in Hi story",Books,https://www.amazon.com/Good-Scripts-Bad-Learning-Screenwriting/dp/0609801198/ref=sr_1_1?s=books&amp;ie=UTF8&amp;qid=1458762085&amp;sr=1-1&amp;keywords=good+script+bad+script,1,1
Jacked: The Outlaw Story of Grand Theft Auto,Books,https://www.amazon.com/Jacked-Outlaw-Story-Grand-Theft/dp/0470936371,1,1
Jurassic Park (Junior Novelization),Books,https://www.amazon.com/Jurassic-Park-Junior-Novelization-Herman/dp/044840172X,1,1
University Physics Technology Update (13th Edition),Books,https://www.amazon.com/University-Physics-Technology-Update-Edition/dp/0321898028,1,1
Casino Royale,Movies & TV,https://www.amazon.com/Casino-Royale-Blu-ray-Daniel-Craig/dp/B011MHAZ5Y/ref=sr_1_6?ie=UTF8&amp;qid=1479758328&amp;sr=8-6&amp;keywords=casino+royale,1,1
Concert For George (2BD) [Blu-ray],Movies & TV,https://www.amazon.com/Concert-George-Blu-ray-Eric-Clapton/dp/B004GF244K,1,1
The Devil's Candy: The Anatomy Of A Hollywood Fiasco,Books,https://www.amazon.com/The-Devils-Candy-Anatomy-Hollywood/dp/0306811235,1,1
Blade Runner (Five-Disc Complete Collector's Edition) [Blu-ray],Movies & TV,https://www.amazon.com/Runner-Five-Disc-Complete-Collectors-Blu-ray/dp/B000UBMWG4/ref=sr_1_1?ie=UTF8&amp;qid=1422198596&amp;sr=8-1&amp;keywords=blade+runner+complete,1,1
The Spider-Man Chronicles: The Art and Making of Spider-Man 3,Books,https://www.amazon.com/dp/0811857778/ref=cm_sw_r_cp_apip_iRkveWFNNXyGI,1,1
Krampus: The Yule Lord,Books,https://www.amazon.com/Krampus-The-Yule-Lord-Brom/dp/006209565X,1,1
The Red Book (Philemon),Books,https://www.amazon.com/Red-Book-Philemon-C-Jung/dp/0393065677,1,1
Downloaded,Movies & TV,https://www.amazon.com/Downloaded-Sean-Parker/dp/B00QN6H12U,1,1
View2D 2D Glasses for 3D Movies (RealD and IMAX Bundle),Electronics,https://www.amazon.com/dp/B0051IL8SE/ref=cm_sw_r_awd_cKyovb0R989PK,1,1
Léon the Professional (Theatrical and Extended Edition) [Blu-ray],Movies & TV,https://www.amazon.com/Professional-Theatrical-Extended-Edition-Blu-ray/dp/B002O5M4SA,1,1
1001 Movies You Must See Before You Die,Books,https://www.amazon.com/1001-Movies-You-Must-Before/dp/0764167901/ref=sr_1_1,1,1
Gits: Laughing Man,Movies & TV,https://www.amazon.com/Ghost-Shell-Stand-Complex-Laughing/dp/B000UR9TM8/ref=sr_1_16?ie=UTF8&amp;qid=1420485805&amp;sr=8-16,1,1
Lolita: A Screenplay (Vintage International),Books,https://www.amazon.com/Lolita-Screenplay-International-Vladimir-Nabokov/dp/0679772553/ref=sr_1_1?s=books&amp;ie=UTF8&amp;qid=1446834395&amp;sr=1-1&amp;keywords=lolita+screenplay,1,1
The Sixth Sense,CDs & Vinyl,https://www.amazon.com/The-Sixth-Sense-Original-Soundtrack/dp/B00000K1G5,1,1
My French Whore: A Love Story,Books,https://www.amazon.com/My-French-Whore-Gene-Wilder/dp/0312377991/,1,1
Blade Runner 30th Anniversary Collector's Edition (4-Disc Blu-ray / DVD +Book  Combo Pack),Movies & TV,https://www.amazon.com/Runner-Anniversary-Collectors-4-Disc-Blu-ray/dp/B00845MRKE/ref=sr_1_1?ie=UTF8&amp;qid=1485203261&amp;sr=8-1&amp;keywords=blade+runner+30th+anniversary+edition,1,1
Teenage Mutant Ninja Turtles / Teenage Mutant Ninja Turtles II: The Secret of the Ooze / Teenage Mutant Ninja Turtles III: Turtles in Time (Triple Feature) [Blu-ray],Movies & TV,https://www.amazon.com/dp/B008EXAJM4/ref=cm_sw_r_cp_apa_Cn8VxbSAFWQH2,1,1
Conversations with Scorsese,Books,https://www.amazon.com/dp/0307388794/ref=cm_sw_r_cp_apa_BBhnzbVRXYD4Z,1,1
Blade Runner,Movies & TV,https://www.amazon.com/dp/B008M4MB8K/ref=cm_sw_r_cp_api_Enkzyb55ZE49V,1,1
Baltimore Volume 1: The Plague Ships,Books,https://www.amazon.com/Baltimore-Plague-Ships-Mike-Mignola/dp/1595826734,1,1
Top Gun (Two-Disc Combo: Blu-ray 3D / Blu-ray / Digital Copy),Movies & TV,https://www.amazon.com/Top-Gun-Two-Disc-Combo-Blu-ray/dp/B00A85EMVK,1,1
The Before Trilogy The Criterion Collection,Movies & TV,https://www.amazon.com/Before-Trilogy-Criterion-Collection-Blu-ray/dp/B01N1FEV1C/ref=sr_1_1?ie=UTF8&amp;qid=1481664997&amp;sr=8-1&amp;keywords=before+trilogy,1,1
The X Files: Complete Seasons 1-9 [Blu-ray],Movies & TV,https://www.amazon.com/gp/product/B01729J1O2?keywords=x,1,1
"Eats, Shoots & Leaves: The Zero Tolerance Approach to Punctuation",Books,https://www.amazon.com/Eats-Shoots-Leaves-Tolerance-Punctuation/dp/1592402038,1,1
These Final Hours [Blu-ray],Movies & TV,https://www.amazon.com/These-Final-Hours-Blu-ray-Sarah/dp/B00TQGGITG/ref=sr_1_2?s=movies-tv&amp;ie=UTF8&amp;qid=1431387041&amp;sr=1-2&amp;keywords=these+final+hours,1,1
The Happiness Of The Katakuris (2-Disc Special Edition) [Blu-ray + DVD],Movies & TV,https://www.amazon.com/gp/product/B00TRUJ8UM,1,1
"How to Read a Film: Movies, Media, and Beyond",Books,https://www.amazon.com/How-Read-Film-Movies-Beyond/dp/0195321057/ref=sr_1_1,1,1
Back to the Future: The Ultimate Visual History,Books,https://www.amazon.com/Back-Future-Ultimate-Visual-History/dp/0062419145,1,1
"Mohu Leaf 30 TV Antenna, Indoor, 30 Mile Range, Original Paper-thin, Reversible, Paintable, 4K-Ready HDTV, 10 Foot Detachable Cable, Premium Materials for Performance, USA Made, MH-110598",Electronics,https://www.amazon.com/Mohu-Paper-thin-Reversible-Detachable-Performance/dp/B00HSMK580/ref=sr_1_1?ie=UTF8&amp;qid=1488236071&amp;sr=8-1&amp;keywords=muho+antenna,1,1
Who Wacked Roger Rabbit?,Books,https://www.amazon.com/Wacked-Roger-Rabbit-Gary-Wolf/dp/1511838124,1,1
13 Hours: The Inside Account of What Really Happened In Benghazi,Books,https://www.amazon.com/13-Hours-Account-Happened-Benghazi/dp/1455582271,1,1
Troll 2 (The 20th Anniversary Nilbog Edition) [Blu-ray],Movies & TV,https://www.amazon.com/dp/B003ZD9E24,1,1
How to Make Love Like a Porn Star: A Cautionary Tale,Books,https://www.amazon.com/Make-Love-Like-Porn-Star/dp/0060539100,1,1
Eclipse Series 13: Kenji Mizoguchi's Fallen Women (Osaka Elegy / Sisters of the Gion / Women of the Night / Street of Shame) (The Criterion Collection),Movies & TV,https://www.amazon.com/Eclipse-13-Mizoguchis-Criterion-Collection/dp/B001CW7ZTE/ref=sr_1_1?ie=UTF8&amp;qid=1426817507&amp;sr=8-1&amp;,1,1
Welcome to Night Vale CD: A Novel,Books,https://www.amazon.com/Welcome-Night-Vale-CD-Novel/dp/006235146X,1,1
Ran (StudioCanal Collection) [Blu-ray],Movies & TV,https://www.amazon.com/StudioCanal-Collection-Blu-ray-Tatsuya-Nakadai/dp/B002ZG4Q5W,1,1
The Art of John Alvin,Books,https://www.amazon.com/Art-John-Alvin-Andrea/dp/0857689290/,1,1
Apocalypto [Blu-ray],Movies & TV,https://www.amazon.com/Apocalypto-Blu-ray-Rudy-Youngblood/dp/B000NQQ4ME,1,1
Cinelinx: A Card Game for People Who Love Movies (A New Take On Movie Trivia),Toys & Games,https://www.amazon.com/Cinelinx-Card-Game-People-Movies/dp/B00O3XJASS/,1,1
